Age,Gender,Weight (kg),Session Duration (hours),Calories Burned,Workout Type,Fat Percentage,Water Intake (liters),Workout Frequency (days/week),Experience Level,BMI
56,Male,88.3,1.69,1313,Yoga,12.6,3.5,4,3,30.2
46,Female,74.9,1.3,883,HIIT,33.9,2.1,4,2,32
32,Female,68.1,1.11,677,Cardio,33.4,2.3,4,2,24.71
25,Male,53.2,0.59,532,Strength,28.8,2.1,3,1,18.41
38,Male,46.1,0.64,556,Strength,29.2,2.8,3,1,14.39
56,Female,58,1.59,1116,HIIT,15.5,2.7,5,3,20.55
36,Male,70.3,1.49,1385,Cardio,21.3,2.3,3,2,23.76
40,Female,69.7,1.27,895,Cardio,30.6,1.9,3,2,30.57
28,Male,121.7,1.03,719,Strength,28.9,2.6,4,2,32.34
28,Male,101.8,1.08,808,Cardio,29.7,2.7,3,1,30.07
41,Male,120.8,0.82,593,HIIT,20.5,3,2,1,43.31
53,Male,51.7,1.15,865,HIIT,23.6,3.5,3,2,17.89
57,Male,112.5,1.24,1013,Cardio,22.1,2.7,3,2,43.4
41,Male,94.5,1.18,794,HIIT,27.6,3.7,3,1,23.62
20,Male,117.7,1.35,1195,Yoga,26.4,3.3,3,2,35.93
39,Female,42.5,1.13,740,Strength,26.2,2.1,2,1,13.88
19,Female,64,1.33,1111,HIIT,29.8,2.3,3,2,27.34
41,Female,43.8,1.19,884,Cardio,31.9,1.6,3,1,13.98
47,Female,66.8,1.13,742,Strength,32.8,2.5,3,2,21.81
55,Female,75.2,1.37,1030,HIIT,25.2,2.2,2,1,26.96
19,Male,89,1.5,1048,Strength,28.9,3.7,4,2,28.41
38,Male,71.9,1.12,875,Cardio,25.7,3.1,2,1,22.95
50,Female,71,1.17,848,Yoga,33.1,2.5,2,1,25.16
29,Male,120.9,0.78,721,Yoga,28.1,3.4,2,1,38.16
39,Female,64.3,1.25,925,HIIT,26.9,1.9,4,2,22.51
42,Female,63.7,1.42,1080,Yoga,26.1,1.8,3,2,21.78
44,Male,65.2,0.73,502,HIIT,27.2,2.7,2,1,20.12
59,Male,53.9,1.48,989,Strength,21.6,2.8,4,2,17.6
45,Male,84.9,1.64,1104,HIIT,14.2,3.5,5,3,24.54
33,Female,78,1.29,871,HIIT,32.3,1.8,3,2,27.64
32,Male,108.2,1.27,964,HIIT,28.4,3.5,3,1,33.4
20,Female,65.4,1.03,654,Yoga,28,2.2,4,2,28.31
54,Female,50.2,1.48,1046,HIIT,28.2,2.7,2,1,19.37
24,Female,58.9,1.04,816,Cardio,31.7,2.5,2,1,25.83
38,Male,81.4,1.52,1237,HIIT,10.2,3.5,5,3,27.84
26,Male,127.6,1.32,1162,Strength,27.3,2.9,3,1,42.63
56,Female,59.3,1.26,879,Cardio,33.4,2.6,4,2,24.37
35,Male,96.9,1.34,1069,Strength,24.2,2.9,3,2,33.14
21,Male,62.6,1.3,1072,Strength,27.6,3.5,4,2,19.11
42,Male,45.5,1.31,1057,Strength,21.7,2.6,3,2,17.77
31,Female,48.8,1.48,969,Cardio,28.2,2,2,1,21.4
26,Female,44.3,1.08,734,Cardio,34.7,2,3,1,17.3
43,Male,113.2,1.45,962,Yoga,29.9,2.9,4,2,33.8
19,Female,60.5,1.14,730,Cardio,30.1,2.2,2,1,23.93
37,Male,124.2,1.5,1304,HIIT,29.3,2.8,2,1,40.1
45,Male,52.4,1.2,956,Strength,25.2,2.5,3,1,15.31
24,Male,54.7,0.84,772,Yoga,22.9,3.6,3,1,18.07
25,Male,88.1,1.41,1016,Cardio,22.7,3,2,1,23.17
52,Female,59.7,1.23,836,Strength,34.3,2,3,1,20.42
31,Female,79.7,1.03,742,Cardio,26.7,2.3,4,2,33.61
34,Female,51,1.42,1122,Yoga,30.8,2.4,3,2,19.43
53,Male,84.2,1.67,1133,Cardio,12.8,3.5,5,3,27.18
57,Male,122.1,1.13,750,Cardio,27.4,3.6,3,1,34.18
21,Male,96.7,1.26,1046,Strength,25,2.8,3,1,32.69
19,Female,73,0.81,506,HIIT,27.7,1.6,3,1,22.78
23,Male,114.8,1.47,1318,Cardio,21.7,2.7,4,2,44.84
59,Female,65.5,1.4,1021,Yoga,31.2,2.1,3,2,28.35
21,Female,50.3,1.08,832,Cardio,32.2,2.6,3,1,21.77
46,Female,61,1.67,1150,Cardio,17.8,2.7,4,3,20.86
35,Female,44.6,0.56,440,HIIT,32.4,2,2,1,16.99
43,Female,58.2,1.04,580,Strength,26.4,2.6,3,2,22.45
51,Female,44.8,1.08,666,Yoga,33.8,2.1,4,2,16.86
27,Male,87.5,1.75,1299,Strength,12.9,3.5,5,3,32.93
53,Male,51.8,1.23,773,Strength,21.3,3.7,3,2,17.11
31,Female,64.4,1.97,1418,Strength,17.3,2.7,5,3,22.28
48,Female,67.1,0.62,421,Cardio,33.4,1.5,2,1,25.89
32,Male,85.9,1.99,1587,HIIT,14.5,3.5,5,3,33.55
25,Female,65.4,0.89,627,Cardio,27.6,2.6,3,1,20.88
31,Female,61.1,1.81,1358,Yoga,18.6,2.7,4,3,19.72
40,Male,106.5,1.32,1176,HIIT,21,3.6,4,2,39.12
57,Female,64,1.73,1004,Strength,15.2,2.7,5,3,27.7
38,Female,61.4,1.47,963,HIIT,30.6,2.7,3,2,25.89
33,Female,40.5,1.07,786,Yoga,31.9,1.5,4,2,15.24
35,Male,70.1,1.08,743,Cardio,28,2.3,3,2,21.88
41,Male,94.1,1.13,777,Cardio,23.4,3.1,4,2,35.86
43,Male,55.5,1.08,663,Strength,20.1,2,3,1,16.76
42,Female,53.7,1.37,875,Cardio,29.8,1.6,3,1,18.15
58,Female,66.1,0.63,363,Cardio,25.2,1.8,2,1,21.58
46,Male,103.9,1.18,864,Yoga,20.9,2.9,2,1,33.16
32,Female,61.7,1.87,1262,HIIT,16.6,2.7,5,3,24.72
18,Female,52.3,1.2,990,Cardio,29.4,2.2,2,1,17.27
42,Female,59.5,1.78,1129,Yoga,16.4,2.7,5,3,19.65
24,Female,72.9,0.86,546,Yoga,30.8,1.5,3,1,23.53
26,Female,76.7,1.08,751,Strength,25.6,1.7,2,1,28.87
41,Male,72.1,1.13,744,Yoga,21.4,2.8,3,2,21.53
18,Female,54.8,1.27,1003,Strength,32,2.2,4,2,19.42
25,Male,105,1.34,1150,Cardio,21.4,2.3,3,2,29.71
41,Female,55,1.45,1103,Strength,31.4,2,4,2,22.89
28,Male,81.6,1.09,917,Yoga,20.5,3.5,4,2,29.61
34,Female,75.6,0.64,416,HIIT,29.1,2.7,2,1,29.53
25,Male,81.5,1.93,1688,HIIT,10.9,3.5,4,3,31.44
52,Female,61.5,1.8,1231,Cardio,15.5,2.7,4,3,21.53
52,Male,74,1.26,936,Cardio,25.7,3.7,3,2,27.85
50,Female,56.4,1.26,924,HIIT,34.3,2.6,3,1,22.31
22,Male,102.6,1.25,1052,Strength,20.5,2.7,3,2,30.3
59,Female,54.6,0.58,441,Cardio,29.2,2.3,3,1,22.15
56,Male,129,1.29,805,Yoga,27.1,2.7,2,1,40.71
58,Male,103.5,1.33,1106,Cardio,24.6,3.1,3,1,37.56
45,Female,59.4,1.15,735,Strength,33.1,1.9,4,2,26.05
24,Female,60.1,1.97,1625,Cardio,15.9,2.7,4,3,18.76
26,Male,77.7,1.16,804,Yoga,29.6,3,3,2,29.61
25,Female,41.2,1.49,1073,Yoga,28.9,2.1,4,2,15.7
29,Male,58.6,1.2,805,Yoga,23.4,2,3,2,22.61
51,Male,109.3,0.54,420,Strength,28.7,3.3,3,1,34.5
50,Male,69.6,0.97,667,Strength,25.6,2,3,1,18.12
40,Female,56.2,1.79,1369,Yoga,17.6,2.7,5,3,17.54
41,Male,71.7,0.51,424,Yoga,27.3,2.5,2,1,18.66
54,Male,86,1.74,1404,Strength,12.9,3.5,5,3,23.09
52,Female,79.4,1.39,1020,Strength,26.6,1.5,3,2,31.41
57,Female,78.4,1.01,677,Strength,31.7,2,4,2,29.87
39,Female,55.4,1.44,979,HIIT,26.3,1.6,3,2,21.64
44,Female,61.7,1.41,819,Strength,33.1,2.6,4,2,25.68
52,Male,85.5,1.78,1357,Yoga,14.9,3.5,4,3,25.81
18,Male,87.6,1.72,1315,HIIT,11.9,3.5,4,3,23.52
52,Male,82.4,1.01,685,Strength,24.4,2.7,4,2,27.85
54,Male,67,0.55,446,Yoga,20.5,2.8,3,1,23.74
31,Female,42.3,1.09,888,Cardio,25.1,1.9,3,2,16.52
20,Male,82.7,1.69,1357,HIIT,14.6,3.5,5,3,20.88
18,Male,92.4,1.41,1303,Yoga,21.3,3.1,2,1,30.52
22,Female,63.2,1.02,790,Cardio,29.5,2.4,4,2,26.65
43,Male,82.7,1.22,858,Yoga,28.2,3.1,4,2,24.16
31,Male,86.6,1.29,1071,Strength,28.9,3.3,3,2,27.96
56,Male,129.5,1,639,Strength,25.2,3.5,2,1,34.06
44,Male,98,1.28,824,Cardio,25.7,3.5,4,2,29.26
26,Male,86.2,1.97,1701,Strength,13.3,3.5,5,3,30.54
32,Male,78.6,1.28,880,Yoga,29.6,3.1,3,1,29.95
32,Female,59,0.51,408,Cardio,31,1.8,2,1,21.41
43,Female,57.3,1.98,1479,Yoga,17.8,2.7,4,3,17.88
59,Male,122.3,0.66,500,Yoga,20.1,3.1,3,1,34.24
30,Male,85.3,1.61,1373,Yoga,10.4,3.5,5,3,22.43
49,Female,45.2,1.24,870,Strength,30.8,2.1,3,2,14.93
56,Male,55.6,0.68,458,Strength,29.4,3.2,3,1,15.08
49,Male,82.8,1.91,1503,Yoga,14.3,3.5,5,3,21.78
21,Male,125.2,1.38,1207,HIIT,29.8,3.4,3,2,45.43
47,Female,58.5,1.42,837,Yoga,30.3,2.4,4,2,18.26
54,Male,86.1,1.17,811,Yoga,27.9,3.4,2,1,22.64
40,Female,63.5,1.31,1041,Cardio,33.4,1.6,3,2,24.5
56,Male,69.3,0.66,451,Yoga,26.5,2.1,2,1,24.55
32,Female,70.5,1.24,756,Strength,28.4,1.8,2,1,26.86
46,Female,60.1,1.69,1042,Cardio,17.3,2.7,4,3,22.08
53,Male,94.1,0.89,608,HIIT,28.6,3.5,3,1,24.75
30,Female,79.2,1.26,1046,Cardio,28,2.5,4,2,30.18
49,Male,115.3,1.38,854,HIIT,29.2,3.2,2,1,31.61
24,Female,62.9,1.42,958,Cardio,27.3,2.3,4,2,19.63
39,Male,62,0.97,678,Cardio,27.5,3.2,3,1,23.05
45,Male,88.5,1.53,1265,HIIT,13.2,3.5,4,3,27.93
19,Female,73.9,1.28,877,Strength,32.5,2.6,3,2,23.59
59,Male,50.3,1.07,885,Strength,24.4,3.4,3,1,13.23
23,Male,83.1,0.7,624,Strength,29.3,3.1,3,1,25.65
45,Female,65.1,1.46,1038,Cardio,31.3,2.3,3,1,20.55
45,Male,46.6,1.46,1214,Yoga,22.9,2.4,3,2,14.54
37,Male,103.5,0.54,499,Cardio,26.4,3.1,2,1,28.97
47,Female,61.9,1.95,1150,Yoga,16.4,2.7,4,3,26.1
28,Female,52,1.32,1082,Yoga,27.9,2,3,2,20.06
45,Male,113.4,0.83,530,Strength,24,2.3,2,1,38.78
42,Male,62.9,1.42,886,Yoga,28.5,3.4,4,2,16.04
56,Female,40.4,1.23,913,Cardio,30,2.1,4,2,12.47
50,Female,67.1,0.67,362,Cardio,31.8,2.7,3,1,21.91
18,Male,70,1.3,1201,Strength,23.9,2.5,2,1,27.01
44,Female,69.5,1.02,711,HIIT,27.6,2.1,3,1,22.69
30,Male,107.9,1.08,832,Cardio,29.5,2.8,3,2,39.16
58,Male,109,1.49,1151,Yoga,26,2.2,3,2,29.88
20,Male,101,1.36,1070,Cardio,29.3,2.7,3,2,27.69
56,Male,88.5,1.57,1119,Cardio,11,3.5,4,3,25.86
23,Male,80.9,1.55,1074,Cardio,10.7,3.5,4,3,24.97
25,Female,43.1,1.04,837,HIIT,33.6,1.8,4,2,16.42
44,Female,59.1,1.58,967,Yoga,18.4,2.7,5,3,25.58
26,Female,54,1.14,844,Strength,26.9,1.7,3,1,23.07
54,Female,72.3,1.27,852,Cardio,27.7,1.8,2,1,22.82
50,Male,51.1,0.92,574,Yoga,28,2.4,2,1,13.03
59,Male,89.4,1.08,813,Yoga,24.5,3.2,3,1,30.22
41,Male,51.5,1.09,680,Strength,26.7,2.1,4,2,15.9
32,Male,87.9,1.52,1195,Cardio,11.6,3.5,5,3,24.87
49,Female,42,1.1,644,HIIT,28.8,2.2,3,1,18.18
49,Male,79.2,1.46,925,Yoga,29.9,3.3,3,1,26.77
41,Male,64.8,1.2,778,Strength,22.5,2.8,3,2,22.16
58,Female,63,1.58,1095,HIIT,17.5,2.7,4,3,19.88
29,Female,56.2,0.68,418,Yoga,33.4,2.6,3,1,17.94
56,Female,52.9,1.1,767,Cardio,27.4,2.3,3,2,19.67
19,Female,49,1.05,772,Yoga,29.2,2.4,3,1,17.16
20,Male,128.2,0.83,603,HIIT,26.2,2.3,3,1,37.87
54,Male,83.6,1.54,1082,HIIT,12.4,3.5,5,3,24.16
34,Female,56.2,1.81,1249,Cardio,17.3,2.7,5,3,17.94
19,Male,87.8,1.28,1133,Cardio,23.6,3.3,2,1,27.71
19,Male,85.9,1.66,1424,Strength,12.9,3.5,4,3,25.1
45,Male,51.1,1.44,1126,Cardio,26.2,3.4,4,2,14.61
40,Female,57.4,1.87,1337,Strength,18.3,2.7,5,3,19.63
54,Male,114.9,1.2,802,HIIT,20.7,2.6,4,2,31.17
49,Female,62.1,1.37,937,HIIT,31.3,1.8,3,2,22.54
50,Male,57.1,1.09,707,Yoga,29.5,2.7,4,2,15.65
18,Male,68.1,1.1,926,Yoga,25.4,3.3,4,2,21.02
36,Male,69.2,1.23,852,Strength,27.2,2.7,3,1,25.42
19,Female,65.2,1.23,800,Cardio,30.6,2.4,3,1,28.22
43,Male,108.6,1.33,988,Cardio,28.5,2.2,2,1,36.29
49,Female,40,1.03,686,Yoga,34.3,2.5,3,2,14.69
23,Female,41.9,0.56,370,HIIT,26.8,1.8,3,1,16.78
49,Female,68.3,1.45,979,Strength,29.4,1.8,4,2,29.56
21,Male,88.4,1.71,1138,HIIT,12,3.5,4,3,34.53
28,Male,66,1.18,1025,HIIT,24.1,3,3,1,18.28
34,Male,71.9,1.26,929,Cardio,21.3,2.1,4,2,26.73
55,Male,75.6,1.03,663,Strength,28.1,2,4,2,25.85
41,Female,63.4,1.84,1267,HIIT,15.2,2.7,5,3,25.08
22,Female,71.6,1.49,1177,Yoga,30.3,1.8,3,1,22.85
51,Female,57.4,1.08,598,Yoga,31.6,2.1,4,2,18.32
23,Male,83.8,1.79,1280,Cardio,11,3.5,4,3,21.16
39,Female,55.9,1.95,1443,Yoga,19.5,2.7,5,3,19.12
28,Male,87,1.2,799,Yoga,28.4,3.5,3,2,28.09
33,Female,65.3,1.18,796,HIIT,29.7,2.5,4,2,22.33
50,Male,45.4,1.37,1071,Yoga,24.1,2.8,4,2,16.28
26,Male,87.1,1.71,1241,Yoga,11.2,3.5,4,3,24.91
23,Female,78.6,1.47,1147,HIIT,32.3,1.5,4,2,26.26
33,Female,78,1.08,734,Cardio,26.3,2.1,3,1,26.67
46,Female,58,1.83,1153,Cardio,18.4,2.7,4,3,24.78
20,Female,71.3,1.28,1043,Strength,33.4,2.3,3,2,24.96
37,Male,49.1,1.11,842,Yoga,22.3,2.6,3,2,16.22
53,Female,78.3,1.24,703,HIIT,33.7,1.6,3,1,28.76
36,Female,57.3,1.13,887,Strength,25.3,1.8,4,2,21.3
43,Female,48.4,1.28,732,Cardio,34.1,2.4,2,1,18.67
20,Male,76.4,1.35,980,Cardio,21.2,2.6,4,2,29.11
36,Male,110.2,1.19,1021,HIIT,26.5,3.4,2,1,35.18
37,Female,72.9,1.21,732,Strength,27.5,1.9,3,2,23.53
49,Male,82.1,1.87,1481,Strength,14.2,3.5,4,3,23.73
24,Female,58.9,0.63,410,HIIT,30.1,1.7,3,1,19.01
58,Male,82.2,1.57,1111,HIIT,10.7,3.5,4,3,23.51
50,Male,96.7,1.46,903,Strength,25.7,2.7,3,2,32.69
57,Male,81.4,1.8,1292,Cardio,12,3.5,5,3,23.53
56,Male,107.8,1.09,680,Yoga,26.6,2.8,3,2,36.02
35,Female,65.8,1,790,Cardio,33.8,1.5,4,2,25.07
57,Female,68.5,1.45,900,HIIT,29.1,1.6,4,2,28.15
18,Female,63.9,1.87,1169,Strength,16.4,2.7,4,3,25.28
28,Male,76.3,1.16,1034,Strength,20.1,2.3,3,2,29.07
45,Female,44.5,1.44,959,Yoga,30.7,1.6,3,1,16.35
42,Female,50.7,1.29,940,Strength,29,1.9,3,2,16.56
40,Female,55.1,1.55,1224,Yoga,16.9,2.7,4,3,21.26
48,Male,73.7,1.36,815,Cardio,21.8,3.6,4,2,28.43
47,Male,55.6,1.2,820,Cardio,24.3,2.9,4,2,17.75
59,Male,86.9,1.13,688,Strength,29.8,3.1,3,2,28.05
52,Female,60.3,1.6,900,Strength,16.5,2.7,4,3,21.36
24,Female,40.4,0.99,832,HIIT,31,1.9,2,1,15.02
33,Female,78.5,1.29,1006,HIIT,32.8,1.9,4,2,28.49
43,Male,102.6,0.82,597,Strength,27.5,2,2,1,34.68
19,Male,110.8,1.31,1074,Strength,23.3,2.9,2,1,30.37
18,Female,60.9,1.11,699,Cardio,31.1,2.1,2,1,19.01
29,Male,55.7,1.41,993,Strength,28.7,2.3,3,1,21.49
22,Male,110.5,1.16,919,HIIT,20.2,3.3,3,2,29.98
54,Male,55.2,0.77,579,Cardio,24.4,2.8,2,1,18.88
49,Male,46.5,1.4,832,Yoga,22.2,2.6,4,2,15.72
26,Female,70.9,0.81,506,HIIT,28.9,1.7,3,1,25.73
58,Male,74.6,1.09,739,HIIT,24.2,2.9,2,1,24.36
52,Male,45.1,0.93,594,Cardio,27.5,3.3,2,1,15.24
36,Male,99.9,1.33,1075,Yoga,20.9,2.5,3,1,25.23
33,Male,117,1.04,744,HIIT,25.1,2.4,3,2,45.14
20,Female,75.9,1.39,1056,Strength,30.6,2.1,4,2,25.36
37,Female,71.2,1.11,666,HIIT,29.9,1.7,3,2,26.47
41,Male,78.8,1.01,660,Cardio,27.3,3.1,4,2,26.64
50,Male,50.6,1.31,1012,Cardio,23.8,3,2,1,17.72
41,Male,82.5,1.69,1163,Cardio,14.7,3.5,4,3,25.75
28,Male,108.5,1.33,878,HIIT,24.8,2.1,4,2,33.86
25,Male,49.9,1.15,772,Yoga,25.7,2.1,3,2,12.73
53,Male,125.1,0.52,353,Strength,28.3,3.1,2,1,34.29
55,Female,79.7,1.06,763,Cardio,27.8,1.9,2,1,28.92
57,Male,126.8,0.96,632,Yoga,20.8,2.1,2,1,47.72
37,Female,54.6,1.31,982,Strength,32.1,2.4,3,1,22.15
52,Female,47.8,1.34,880,Cardio,29.8,1.9,3,2,20.16
42,Male,97.9,1.01,680,Strength,29,2.8,3,2,26.84
52,Female,63.1,1.36,1010,Strength,34.8,1.8,3,2,26.61
42,Female,72.4,1.07,713,Yoga,29,2.3,3,2,25.35
46,Female,58.9,1.52,1060,Strength,17.1,2.7,4,3,20.38
35,Female,50.4,1.03,803,Cardio,29.1,1.9,4,2,19.69
35,Female,64.2,1.63,1182,Yoga,16.6,2.7,5,3,25.39
19,Female,58.8,1.4,952,HIIT,32.8,2.7,2,1,18.77
52,Male,105.2,1.36,949,HIIT,27.6,3.2,3,1,40.09
33,Female,45.9,0.92,662,Yoga,29.8,1.7,3,1,20.4
58,Female,65.2,1.12,610,HIIT,25.4,2,3,2,24.54
53,Female,56.3,1.52,964,Strength,16.5,2.7,5,3,17.57
50,Male,90,0.81,497,Cardio,22.9,2.7,2,1,31.14
21,Female,60,1.97,1212,Strength,19.1,2.7,5,3,20.76
50,Male,51.5,1.48,1136,Yoga,20.9,2.9,2,1,17.61
31,Female,63.1,1.54,962,Cardio,19,2.7,4,3,23.46
38,Male,91.5,0.8,616,Yoga,26.7,3.4,2,1,29.21
37,Male,48.7,1.39,1009,Yoga,27.3,3,2,1,17.46
25,Female,57.8,1.35,1053,Yoga,29.3,1.6,3,2,23.75
24,Female,42,0.83,598,Strength,31.8,2.3,3,1,13.71
20,Male,128.4,0.63,502,Cardio,26.1,2,2,1,34.83
34,Female,74.2,1.47,1161,Cardio,32.7,2.4,3,1,30.1
50,Male,89.6,1.79,1232,Cardio,12.2,3.5,5,3,31.75
29,Male,125.9,1.36,1137,Strength,24.7,3.1,4,2,31.48
39,Male,105.5,0.81,593,HIIT,26.4,2.5,2,1,26.64
39,Male,93.4,1.1,938,Strength,21.1,2.5,4,2,32.32
47,Male,82.1,1.37,922,Strength,24.4,3.4,4,2,24.25
55,Female,42.9,0.9,567,Yoga,34.7,2.4,2,1,15.02
55,Male,128.4,1.13,923,Cardio,20.4,2.6,4,2,45.49
25,Male,112.4,1.42,1054,Cardio,23.2,2.5,2,1,29.26
44,Female,77.7,1.41,1047,HIIT,28.1,2.2,3,1,24.25
44,Male,89.3,1.4,936,HIIT,26.3,2,4,2,22.55
51,Female,70.3,1.4,876,Yoga,26.1,1.6,3,1,29.26
38,Female,59.1,1.07,792,Cardio,31.3,1.7,3,2,19.98
47,Female,49.9,1.48,979,HIIT,26,1.7,3,2,17.47
50,Male,101.7,0.53,333,HIIT,20.9,2.9,2,1,36.47
45,Male,93,1.03,729,Cardio,27.3,3.7,3,2,25.49
50,Male,87.4,0.77,465,Strength,23.2,3.1,2,1,34.14
22,Female,55.1,1.62,1166,HIIT,19.9,2.7,4,3,21.26
36,Male,123.7,1.3,987,Cardio,20.4,2.1,4,2,43.31
21,Female,61.3,1.94,1474,HIIT,17.2,2.7,4,3,24.87
52,Male,72.3,1.46,874,Yoga,21.1,2.9,3,2,19.21
34,Female,69.2,1.36,911,HIIT,28.5,2.1,2,1,29.56
45,Male,81.4,1.14,796,Cardio,30,2.2,4,2,31.4
47,Male,84.8,1.85,1181,HIIT,14.4,3.5,5,3,24.51
46,Male,55.1,1.43,970,Yoga,20.5,3.6,3,2,18.62
23,Female,59,1.67,1177,Yoga,17.8,2.7,5,3,18.62
52,Female,64.9,1.83,1359,HIIT,18.2,2.7,4,3,28.46
58,Male,109.7,1.01,840,HIIT,22.1,2.7,2,1,35.82
54,Male,78.4,0.81,585,Yoga,21.5,3.7,2,1,21.72
41,Female,76.7,1.4,832,Yoga,34,2,4,2,23.94
46,Female,63.1,1,684,Strength,34.7,2.2,4,2,24.34
48,Female,62.9,1.98,1105,Strength,20,2.7,4,3,25.2
52,Male,85.6,1.84,1321,Yoga,13.9,3.5,4,3,28.27
50,Female,66.3,1.25,742,HIIT,31.6,1.6,2,1,26.9
38,Male,61.3,1.37,1100,Cardio,23.5,2.8,3,1,15.8
49,Female,44.1,1.16,694,HIIT,26.7,1.8,4,2,16.2
40,Male,63.8,1.3,1022,HIIT,20.8,3.4,2,1,24.31
50,Female,55.4,1.85,1016,Strength,18.5,2.7,4,3,23.06
20,Female,74.7,1.04,863,Strength,32.8,2.4,3,2,29.92
35,Female,78,1.13,949,Strength,33.3,2.5,4,2,27.97
42,Female,57.5,1.14,764,Yoga,34.1,2.4,2,1,20.62
59,Female,60.7,1.03,714,Yoga,33.8,2.5,3,2,20.28
48,Male,69,1.48,1223,HIIT,30,2.3,3,2,22.79
20,Female,75.8,1.42,944,HIIT,27.4,2,4,2,23.92
57,Female,75.7,0.69,407,Cardio,32.6,2.3,3,1,28.49
41,Female,71.2,1.42,939,HIIT,30.9,2.3,3,2,26.47
49,Male,85,1.82,1468,HIIT,11.3,3.5,4,3,30.12
39,Female,63.6,1.22,903,Strength,34.8,2.4,2,1,26.13
40,Male,73.2,0.81,722,Strength,29,2.4,2,1,19.45
19,Female,48.3,0.96,653,Strength,26.3,1.6,2,1,20.91
44,Female,42.8,1.49,1066,Strength,25.3,2.6,3,2,13.51
59,Male,88.1,1.35,1123,Strength,26.9,3,3,2,28.44
19,Female,72.4,1.2,840,Cardio,31,1.7,4,2,23.64
43,Male,73.2,1.17,822,Cardio,29.4,3.3,3,1,20.71
34,Male,110.5,1.42,1086,Cardio,22.3,3.6,2,1,31.94
57,Female,46.1,1.44,842,Strength,25.8,1.7,3,2,14.88
50,Male,90.8,1.07,810,Yoga,22.6,3.4,4,2,31.05
26,Female,59.3,1.7,1096,Strength,15.1,2.7,5,3,26.01
56,Female,45.1,0.83,482,Strength,25.4,2.6,3,1,15.07
46,Male,45,1.48,1187,Cardio,29.1,3.6,3,2,14.36
59,Male,89.4,1.43,885,Strength,23.5,3.6,3,2,34.06
43,Male,127.7,1.14,875,Cardio,24.1,2.9,3,2,44.71
52,Male,70.9,1.31,927,Strength,20.2,2.6,3,2,23.97
42,Female,49.2,1.15,678,HIIT,27.7,1.5,3,2,21.87
41,Female,62.3,1.99,1451,Yoga,19,2.7,5,3,19.44
30,Male,64.1,0.64,500,Yoga,26.2,2.1,2,1,18.33
24,Female,69.7,1.41,1029,Cardio,32.5,2,3,1,22.76
53,Female,56.9,1.49,1100,HIIT,29.5,2,3,2,22.51
37,Female,53,1.13,881,Yoga,28.1,1.7,4,2,18.13
18,Female,72.7,0.84,525,Cardio,29.8,2,3,1,30.26
25,Male,76.5,0.67,442,Strength,23.2,2.3,3,1,19.91
33,Male,113.6,1.38,949,Strength,28.4,3.4,2,1,28.69
31,Female,62.5,1.56,1318,HIIT,16.5,2.7,4,3,23.81
29,Male,95.2,0.64,496,Yoga,26.6,2.5,2,1,27.52
40,Male,51.7,0.9,792,Strength,21.4,3,3,1,15.61
32,Male,105.3,0.57,448,Cardio,26.9,2.9,3,1,37.76
45,Female,71.2,1.37,888,Strength,34.1,1.6,3,1,25.23
51,Female,78.1,0.92,555,Strength,31.1,2.6,3,1,34.25
19,Female,50.6,1.21,877,Yoga,30.6,2.1,3,2,17.93
49,Male,70.2,0.7,440,Yoga,29.6,2.6,3,1,19.65
40,Female,62.6,1.93,1380,Cardio,18.1,2.7,5,3,26.74
39,Female,60.6,0.92,768,HIIT,27.6,1.7,3,1,22.26
42,Male,76.4,1.14,886,HIIT,22.9,2.6,3,2,19.69
39,Female,63.3,1.88,1175,Strength,18.5,2.7,4,3,21.65
39,Female,68.6,1.33,1024,Cardio,32.4,1.5,3,2,25.51
59,Male,123.3,1.3,1036,HIIT,23,2.6,4,2,34.89
23,Male,107,1.35,891,HIIT,23.5,2.9,2,1,28.43
32,Male,68.3,1.42,1289,Strength,29.9,3.5,2,1,18.53
54,Female,47.8,1.19,830,Cardio,26,2.3,4,2,18.67
50,Female,58.4,1.6,943,HIIT,17,2.7,4,3,18.23
25,Female,74.3,1.43,1123,Yoga,25.6,1.6,3,2,25.41
22,Male,106.8,1,715,Yoga,28.2,2.3,4,2,32.24
56,Male,125.5,1.26,817,Strength,20.9,2.7,4,2,38.73
21,Female,55.2,1.37,1103,Strength,31.7,1.7,4,2,22.98
23,Female,71.4,1.25,1056,Strength,25.6,1.5,2,1,24.13
49,Male,77.7,1.03,806,Strength,26.7,3.4,3,2,29.98
47,Male,88.4,1.86,1160,HIIT,14.2,3.5,5,3,34.53
52,Male,104.8,0.93,598,Cardio,24,2,2,1,26.46
57,Male,82.2,1.15,882,Strength,25.2,3.4,4,2,28.78
33,Female,68.2,0.85,638,Strength,29,1.7,2,1,22.27
30,Male,91.4,1.37,1145,HIIT,23,3.7,3,2,23.08
59,Female,42.1,1.22,725,Strength,33,2.2,2,1,15.46
47,Female,68.7,1.37,845,Strength,27.7,2.4,3,2,22.18
36,Female,47.2,1.5,1200,Cardio,32.2,1.6,4,2,15.59
34,Male,92,0.73,574,Yoga,22.1,3.5,3,1,29.7
36,Male,56.2,1.09,767,Strength,22.5,3.4,4,2,14.78
45,Male,58.4,1.31,973,HIIT,23.4,3.1,4,2,19.74
43,Male,82.9,1.9,1505,Cardio,12.9,3.5,5,3,21.8
54,Female,66.9,1.24,720,HIIT,29.5,2.1,2,1,22.1
43,Male,66.3,1.18,707,Cardio,27.5,3.2,2,1,19.37
40,Male,93.6,1.38,1192,Cardio,22.1,2,3,1,25.13
26,Female,64.1,1.93,1293,Strength,15.1,2.7,5,3,28.49
29,Male,86.7,1.52,1020,Strength,13.9,3.5,4,3,33.04
18,Female,62,1.23,996,Strength,33.2,2.2,4,2,24.52
18,Female,58.1,1.9,1425,Yoga,15.3,2.7,4,3,22.41
51,Female,64.9,1.49,838,Yoga,31.1,2.5,4,2,25.35
49,Female,69.3,1.14,626,HIIT,28.8,1.9,4,2,26.41
42,Female,42.7,1.04,608,Strength,32.9,1.6,3,1,14.1
57,Female,51.4,1.2,724,Yoga,33.7,2,4,2,19.35
18,Female,67.4,0.6,492,Strength,33.5,2.4,3,1,26.33
33,Female,55.6,1.77,1301,Yoga,18.9,2.7,4,3,21.45
56,Male,125.3,1,639,Yoga,22.7,2.2,3,2,36.22
22,Male,102.1,1.48,1278,Cardio,28.1,2.4,4,2,29.83
39,Male,61.9,1.32,1205,Strength,25.3,2.3,3,1,19.76
46,Male,108.8,1.4,1171,Strength,20.5,3.4,3,1,40.45
20,Female,51.1,0.5,422,Yoga,29.6,1.6,2,1,20.47
29,Male,81.7,1.45,1005,Strength,29.4,3.2,2,1,20.63
43,Female,42.7,0.73,440,Yoga,33.9,1.9,2,1,15.5
33,Male,81.8,1.59,1198,Strength,10.5,3.5,4,3,20.66
54,Male,54.6,1.28,868,Cardio,27.4,3.3,4,2,17.63
39,Male,107.7,0.72,634,Strength,28.1,3.6,2,1,30.47
46,Female,56.9,0.88,566,Cardio,27.7,1.6,3,1,22.23
31,Male,78.8,1.49,992,HIIT,24.7,2.5,4,2,26.95
45,Female,48.2,1.25,894,Strength,32.1,2.5,4,2,17.92
22,Female,50.7,1.27,883,Strength,29.4,1.8,3,2,20.05
47,Male,86.6,1.98,1500,Strength,10.6,3.5,4,3,21.87
22,Male,96.3,1.35,1203,Cardio,27.1,2.4,4,2,36.25
29,Male,80.8,1.65,1316,Strength,14.6,3.5,5,3,20.61
33,Female,58,1.84,1159,Strength,18.3,2.7,5,3,24.78
43,Male,95.9,1.28,995,Yoga,27.7,3.4,2,1,28.02
43,Female,61.5,1.86,1247,HIIT,16.8,2.7,5,3,24.64
38,Female,40.6,0.62,499,Cardio,26.8,2.7,2,1,12.67
56,Male,82.5,1.51,927,Yoga,13.2,3.5,5,3,23.59
53,Male,105.1,0.69,444,Cardio,23.3,2.9,3,1,31.04
50,Female,58.1,1.93,1042,Yoga,19.3,2.7,5,3,23.27
47,Female,61,1.54,1060,HIIT,15.6,2.7,5,3,19.69
54,Female,64.5,1.74,940,Yoga,17.2,2.7,4,3,27.55
40,Male,58.2,1.43,1085,Cardio,24,2.5,3,2,14.85
27,Female,69.5,0.94,569,Strength,34.4,2,3,1,22.44
22,Male,62.2,0.51,393,Strength,21.5,2.3,3,1,18.37
53,Female,68,1.06,663,HIIT,25.1,2.4,4,2,23.53
51,Female,56.3,1.43,914,Cardio,27.4,2.4,3,1,25.02
48,Male,94.5,1.01,700,Cardio,28.2,3.5,3,2,32.7
27,Female,58,1.39,994,Cardio,27.1,1.5,2,1,18.1
36,Male,84,1.8,1218,HIIT,11.2,3.5,5,3,22.32
49,Male,61,1.14,739,Strength,21.3,3,4,2,17.44
18,Female,64.8,1.98,1396,Yoga,18.6,2.7,5,3,27.68
22,Male,45.7,1.04,795,HIIT,20.7,2.4,3,1,14.59
21,Male,80.9,1.8,1356,Yoga,11.7,3.5,4,3,22.41
33,Female,64.1,1.58,948,Strength,16.4,2.7,5,3,24.13
41,Male,67,1.22,900,HIIT,25.6,2.6,3,2,21.39
33,Male,106.5,1.4,1170,Strength,27.3,3.3,4,2,41.6
19,Male,95.1,1.21,952,Yoga,25.3,2.3,4,2,27.79
45,Female,65.5,0.66,395,Cardio,34.3,2.3,2,1,26.57
49,Male,105.7,1.2,921,Cardio,29.5,3.1,3,2,39.3
44,Female,48,0.88,491,Yoga,28.6,2.6,2,1,15.5
37,Female,69.5,0.69,448,Cardio,32.8,2.4,2,1,30.89
41,Male,66.1,0.77,545,Yoga,27.4,3.4,2,1,23.14
29,Male,68,0.76,627,HIIT,28.9,2.9,2,1,23.53
52,Male,50.3,0.85,555,HIIT,24.5,2.3,2,1,15.88
50,Female,69.3,1.2,729,HIIT,30.3,2,2,1,24.55
50,Male,86.7,1.7,1203,Cardio,12.1,3.5,4,3,32.63
54,Male,125.9,1.35,882,Strength,28.5,2.9,3,2,33.45
29,Male,88.1,1.88,1479,Cardio,11.1,3.5,5,3,23.65
20,Male,124.3,1.25,997,Cardio,22.4,3.2,3,2,37.53
18,Male,62,0.88,586,Strength,23.7,3,3,1,18.12
50,Female,69.7,1.24,753,Strength,27.3,2,4,2,23.56
57,Female,60.9,1.31,926,Strength,30.6,1.8,3,2,26.36
27,Male,76.5,1.13,1025,Strength,21.3,2.3,2,1,19.71
46,Male,94.7,1.47,873,Cardio,23.2,3.2,3,2,28.59
30,Male,67.9,1.25,1155,Yoga,29.1,3.1,2,1,22.17
29,Male,121.1,1.31,937,HIIT,24.1,3.2,4,2,34.63
48,Female,71.5,1.46,1012,Yoga,32.5,1.9,4,2,26.58
19,Male,98.6,0.83,740,Cardio,21.1,2.4,2,1,34.12
52,Female,68.2,1.17,779,Strength,27.5,2.4,3,1,25.67
40,Female,57.7,1.18,920,HIIT,33.1,2.4,4,2,20.2
34,Male,124.6,1.41,1055,HIIT,27.6,2.8,3,2,46.9
43,Female,73,1.31,931,Yoga,28.9,2.2,3,1,28.88
25,Female,59.4,1.62,1304,Cardio,19.8,2.7,5,3,26.05
46,Female,52,0.7,463,Cardio,34.1,1.9,2,1,19.1
43,Female,42.2,1.33,886,Cardio,34.6,2.3,3,2,15.5
27,Male,89.3,1.82,1622,HIIT,12.1,3.5,4,3,33.2
43,Male,110,1.09,658,Yoga,22,3.4,3,1,35.51
51,Female,66.2,0.86,499,HIIT,31.3,2.3,3,1,26.52
58,Male,58.6,1.21,964,HIIT,26.8,2.9,2,1,21.27
24,Male,51,0.97,710,Strength,21.3,2.8,3,1,18.29
21,Male,101.5,0.97,699,Yoga,27.9,3.1,3,1,26.69
28,Male,114.2,1.05,959,Strength,20.2,3.2,3,2,32.66
46,Male,54.4,0.91,725,Cardio,24.8,2.9,2,1,18.39
53,Female,52.4,1.34,898,HIIT,28.3,2.2,3,2,21.26
42,Male,85.2,1.54,1151,Yoga,13.7,3.5,5,3,26.01
38,Male,83.6,1.66,1379,Cardio,11.6,3.5,5,3,27.61
53,Male,115.4,1.36,1084,Yoga,28.3,2.2,4,2,31.3
27,Male,71.2,0.74,615,HIIT,25.9,3.6,3,1,18.35
54,Female,78.1,1.1,718,Yoga,32.9,2.4,4,2,30.51
26,Female,54.2,1.07,642,Cardio,34.9,1.9,4,2,19.91
41,Female,77.6,1.27,920,Strength,31.8,2.2,4,2,25.05
52,Female,44.1,1.41,768,HIIT,34.8,1.6,3,1,16.8
52,Male,85.5,1.7,1144,Strength,10.1,3.5,5,3,26.39
53,Female,47.8,1.06,711,HIIT,28.4,1.5,4,2,15.43
35,Male,102.5,0.84,730,Cardio,21.1,2.4,2,1,27.23
56,Male,118,0.66,412,HIIT,22.6,3.2,2,1,32.69
49,Male,82.3,1.29,932,Strength,28.4,3.4,4,2,24.31
41,Male,81.6,1.87,1185,HIIT,10.2,3.5,5,3,23.33
40,Male,60.2,1.22,946,Cardio,25.2,3,3,2,17.03
49,Female,49.2,1.28,881,HIIT,30.7,2.1,3,2,20.75
54,Female,46.6,1.38,1025,Strength,30.6,2,2,1,20.71
29,Female,68.7,1.08,907,Cardio,29.8,1.7,4,2,23.22
30,Female,60.6,1.3,780,Strength,32.9,1.6,3,2,25.22
40,Male,52.1,0.87,612,HIIT,21.3,3.3,2,1,20.1
42,Female,46.6,0.61,382,Yoga,28.1,2.6,2,1,14.87
52,Male,65.5,1.48,1011,Strength,26.2,2.8,4,2,21.63
58,Female,44.2,1.08,753,HIIT,31.9,2.3,3,1,17.93
47,Male,89.1,1.44,1133,Yoga,24,3.6,3,2,26.32
34,Male,65.9,0.81,731,Yoga,28.8,2.2,2,1,25.11
37,Female,55.6,0.97,597,Cardio,29.2,2.4,2,1,22.56
42,Male,63.7,1.37,868,Yoga,24,3,2,1,16.25
39,Male,86.2,1.96,1725,Strength,10.2,3.5,5,3,26.02
30,Female,59.2,1.85,1304,Strength,17.8,2.7,4,3,22.28
36,Male,85.4,1.98,1492,Yoga,13.5,3.5,5,3,24.16
53,Female,68.1,1.41,831,HIIT,26.1,2.2,4,2,28.35
29,Female,60,0.85,684,Strength,28.1,1.9,2,1,22.86
58,Female,74.8,1.28,933,Strength,32.8,2.3,4,2,26.19
36,Male,90.3,1.38,1199,Cardio,23.7,3.4,4,2,33.17
29,Male,86.1,1.66,1169,HIIT,11.2,3.5,4,3,31.63
26,Male,73.7,0.93,639,Yoga,26.7,2.2,2,1,26.75
24,Female,67.7,1.42,980,HIIT,27,2.1,3,2,27.82
45,Male,78.3,1.29,1066,Cardio,29,2.2,3,1,20.38
31,Female,48.2,1.1,913,Cardio,26.1,2.5,2,1,17.7
48,Female,56.8,1.37,777,HIIT,32.1,2.1,4,2,24.91
36,Male,112.4,1.02,757,Cardio,25,3.4,4,2,42.3
33,Female,59,0.9,558,Cardio,33.7,1.9,3,1,21.16
22,Male,98.4,0.52,386,Cardio,21.3,2.2,2,1,27.84
52,Male,66.5,1.34,796,HIIT,26.8,2.1,4,2,25.98
29,Male,106.5,1.29,1107,Cardio,25.7,2.5,4,2,32.51
42,Male,88.4,1.68,1314,Yoga,12.4,3.5,4,3,23.73
38,Male,88.4,1.74,1321,Yoga,12.5,3.5,5,3,27.59
53,Female,53.3,1.37,962,Strength,32.2,1.8,3,2,17.6
40,Female,58.1,0.61,415,Yoga,34.4,2.2,2,1,23.87
33,Female,74.2,1.15,834,Strength,25.9,1.5,4,2,23.95
56,Male,84.6,1.01,705,HIIT,20.2,2.9,4,2,31.84
59,Male,78,0.72,453,Cardio,28.1,2.7,3,1,21.16
56,Male,89,1.77,1332,Yoga,10.5,3.5,5,3,31.53
31,Female,42.7,1.46,883,Strength,34.9,2.2,3,1,13.78
48,Male,83.9,1.9,1401,HIIT,13.1,3.5,5,3,25.33
22,Female,78.7,1.45,1204,Strength,31.5,2.3,3,2,34.06
52,Female,65.9,1.27,794,Cardio,27,2.3,4,2,28.52
40,Male,76.9,1.13,851,Yoga,22.4,3.7,4,2,20.86
46,Male,84.3,1.83,1467,HIIT,13.3,3.5,5,3,21.07
28,Female,62.4,1.1,710,Strength,34.1,1.7,3,2,24.37
35,Male,63.7,1.03,810,HIIT,29.8,2.7,4,2,21.04
29,Female,54.9,1.48,910,Strength,27,2,3,1,23.76
26,Male,76.4,1.17,1004,Strength,21.3,2.7,3,2,23.84
27,Male,106.4,1.34,907,Cardio,20.6,3.1,2,1,30.76
34,Female,68.4,1.37,904,Cardio,33.7,2.1,4,2,30.4
55,Male,63.5,1.36,969,Strength,22.9,2.9,4,2,18.35
24,Female,59.4,1.25,825,Yoga,25,2,3,2,26.4
30,Male,113.4,1.27,957,HIIT,22.2,3.7,3,1,31.08
57,Female,61.9,0.92,592,HIIT,28.4,2.6,3,1,26.79
59,Female,70.7,1.17,637,Cardio,34.9,1.9,3,2,25.05
26,Male,111.5,1.02,937,Yoga,25.2,2.2,2,1,30.89
44,Female,72.1,1.4,958,Strength,27,2.5,2,1,26.16
19,Male,56.9,0.61,463,Cardio,23.3,3.7,3,1,16.27
22,Male,86.2,1.91,1345,Strength,11.7,3.5,5,3,23.88
46,Male,59.4,1.16,844,Strength,20.2,2.5,4,2,21.05
54,Female,75.6,0.97,672,Cardio,26.4,1.9,3,1,25.55
55,Female,76.3,1.08,768,Yoga,32,2.6,3,1,25.49
36,Male,95.8,1.37,972,HIIT,21.2,3.2,3,1,27.69
25,Male,120.6,1.04,686,Cardio,22.3,2.5,3,2,36.01
18,Female,65.3,1.42,1143,Yoga,28.5,2.2,3,2,27.18
39,Male,85.3,0.77,593,Strength,27.6,3.6,2,1,23.88
34,Male,68,0.67,472,Cardio,25.8,3.4,2,1,24.09
24,Female,52.6,1.29,1071,HIIT,31.9,2.4,2,1,21.34
42,Male,63.3,1.32,876,HIIT,25.7,3.3,3,2,20.2
21,Female,76.3,1.14,878,Strength,31.8,1.7,3,2,28.03
53,Male,61,0.54,331,Cardio,20,3.4,3,1,22.96
23,Female,67.8,1.34,1072,HIIT,34.3,1.8,2,1,26.16
48,Male,114.9,1.36,949,Cardio,21.1,3.6,3,1,33.21
36,Male,88,1.87,1646,HIIT,12,3.5,5,3,30.09
56,Female,67.7,1.45,927,Strength,32.7,1.9,2,1,27.12
44,Male,124.8,1.35,842,Strength,24.4,3.5,4,2,36.46
27,Female,53,1.26,895,Cardio,34.5,1.8,4,2,21.23
43,Male,61.2,1.03,831,Yoga,24.7,2.9,3,1,17.32
36,Female,48.7,1.23,886,Yoga,33.7,1.6,3,1,17.25
56,Female,50.6,1.29,848,Strength,33.1,2.3,2,1,17.51
20,Female,72.6,1.27,1016,HIIT,34.8,2.5,3,2,24.26
30,Female,70.4,1.03,644,Yoga,34.3,2.4,4,2,28.93
45,Male,52.5,1.08,818,Strength,29,2.9,4,2,14.85
37,Male,76.3,1.36,957,HIIT,27.3,2.1,4,2,24.35
45,Female,41.2,1.47,1111,HIIT,28.7,2.6,2,1,16.5
25,Female,55.3,1.56,1186,Yoga,15.5,2.7,4,3,17.85
58,Female,49.7,1.38,776,Strength,31.9,2.3,4,2,17.82
56,Male,48.3,0.68,525,HIIT,29.8,3.3,3,1,13.81
18,Male,83.2,1.83,1510,HIIT,13.6,3.5,4,3,21.66
20,Male,120.5,1.01,850,Cardio,29.3,3.4,3,2,40.26
30,Male,121.6,1.24,1091,Cardio,28,3.3,4,2,30.4
45,Female,73,1.14,759,Yoga,26.6,2,4,2,23.84
42,Female,57.5,1.76,1053,Cardio,16.2,2.7,5,3,20.62
50,Female,42.7,1.41,983,Strength,28.4,2.4,4,2,18.24
55,Male,129.9,0.69,529,Yoga,21.7,3.1,3,1,43.4
23,Male,108.6,0.89,656,Yoga,25.8,3.5,2,1,29.46
49,Male,88.6,1.83,1150,Cardio,14.9,3.5,4,3,22.15
38,Female,49.7,1.25,906,HIIT,32.6,2.5,3,1,21.8
33,Female,56.4,1.06,822,Strength,29.2,1.5,3,1,23.78
38,Male,46.9,1.03,946,Strength,20,2.6,4,2,15.49
28,Female,71.3,1.46,1022,Strength,28.1,1.5,4,2,25.57
54,Male,71.6,1.14,830,Yoga,25.3,2.2,3,2,20.7
53,Male,82.3,1.87,1139,Strength,11.6,3.5,5,3,31.75
52,Female,70.6,1.36,826,HIIT,26.1,2.2,3,1,24.72
36,Male,109.8,0.84,651,HIIT,24.4,3.5,3,1,41.84
37,Female,73.5,0.54,354,Cardio,27.5,1.6,2,1,25.73
35,Male,85.6,1.78,1322,Strength,14.5,3.5,5,3,25.01
58,Female,74.6,1.03,737,Yoga,26,2,4,2,26.43
31,Female,63.2,0.59,463,Cardio,25.5,2.6,2,1,19.51
32,Female,62.6,1.67,1344,HIIT,15,2.7,5,3,23.56
48,Male,87.1,1.81,1398,Strength,11.6,3.5,5,3,28.12
18,Male,82.3,1.73,1408,HIIT,13.3,3.5,5,3,24.31
20,Female,64.3,1.71,1171,Cardio,18.7,2.7,4,3,20.29
33,Female,53.7,1.25,806,HIIT,29.5,2.5,3,1,19.49
40,Male,63,1.42,1257,Strength,26.8,2.9,4,2,15.75
28,Male,128.4,1.06,921,Strength,23.6,3.3,4,2,37.11
29,Male,88,1.75,1319,Cardio,13.3,3.5,5,3,24.64
27,Female,63.7,1.19,714,Strength,25.4,2.1,4,2,27.57
49,Male,83.7,1.29,1009,HIIT,23.9,2.3,4,2,23.94
33,Male,102.6,1.4,1078,HIIT,27.9,2.2,3,2,33.5
25,Female,77.7,0.55,330,Yoga,33,1.7,2,1,32.34
55,Male,87.5,1.19,789,Yoga,27.2,2.6,4,2,24.76
29,Male,87,1.52,1028,Yoga,11,3.5,4,3,25.15
41,Male,82.8,1.97,1355,HIIT,11.2,3.5,5,3,30.05
45,Female,65.4,0.76,441,HIIT,35,2.6,3,1,23.17
25,Female,47.2,0.89,632,Cardio,26,2.5,2,1,16.14
45,Female,58.2,0.95,684,Yoga,26.8,2,3,1,20.14
53,Female,73.5,1.17,806,HIIT,26.3,2.1,4,2,30.59
43,Female,55.2,1.67,1240,Cardio,16.6,2.7,5,3,18.44
25,Female,64.4,1.12,935,HIIT,27.1,1.8,3,1,22.02
45,Female,73.5,1.18,807,Cardio,30,2.3,4,2,24.28
45,Male,89.6,1.7,1287,Yoga,12.4,3.5,5,3,27.35
54,Male,86.5,1.48,1158,Yoga,29,3.4,3,2,27.92
58,Female,46.1,1.28,743,Yoga,25.3,1.8,4,2,16.53
53,Male,68.5,1.3,894,HIIT,23.2,2.1,3,2,17.65
44,Male,94.6,1.26,748,HIIT,26,3.1,4,2,27.94
34,Female,54.2,1.13,746,Cardio,31,2.2,3,1,23.46
26,Male,47.7,1.15,759,Strength,24.8,2.7,3,2,15.23
50,Male,52.2,1.38,847,Strength,28.2,3.1,4,2,15.42
37,Male,88.8,1.58,1173,Yoga,10.3,3.5,5,3,23.35
30,Male,101,1.46,1076,Strength,28.2,2.9,4,2,35.79
45,Male,118.4,1.06,881,Yoga,24.9,2.4,3,2,31.14
46,Female,47.9,1.41,933,Cardio,26.3,2,3,1,16.19
30,Female,51.5,1.08,810,Strength,33.9,2,3,2,17.01
52,Female,79.9,0.75,479,Strength,31.5,2.6,3,1,35.04
23,Male,121.3,0.72,661,Yoga,21.6,3.6,2,1,35.44
35,Female,78.9,1.28,1050,Cardio,25.3,2.6,4,2,29.34
22,Male,88.5,1.88,1675,Strength,10.7,3.5,5,3,33.72
42,Male,73.5,0.52,350,Strength,26.1,3.2,3,1,27.66
19,Male,127.9,1.27,1173,Strength,21.8,3,4,2,34.34
27,Male,88.5,1.8,1515,Cardio,11.1,3.5,4,3,22.57
47,Female,43.4,0.51,303,Cardio,25.3,2.3,3,1,16.54
22,Female,42.8,1.47,978,Strength,32.2,2.6,3,2,17.59
50,Male,64.5,1.17,753,Yoga,28.1,2.4,4,2,20.13
18,Female,50.7,1.29,948,Yoga,33,2.1,3,2,21.66
35,Male,59.2,1.3,1151,Strength,21.3,3.2,3,1,21.48
49,Female,78.9,1.38,938,Cardio,34,2.3,2,1,26.36
28,Female,78.7,1.1,847,Strength,31.7,1.8,3,2,29.62
38,Male,68.7,1.31,1081,Cardio,29,3,4,2,18.64
43,Female,53.1,0.82,502,Strength,29.5,2.5,2,1,21
42,Male,64.8,1.1,904,Cardio,24.4,2.8,3,2,23.8
39,Female,50.3,1.17,749,HIIT,32.8,2.5,2,1,19.41
44,Male,102.3,1.34,856,Yoga,20.9,2.6,4,2,38.5
30,Male,62.9,1.13,789,HIIT,25.2,3.6,2,1,17.06
50,Female,56.5,1.88,1184,Yoga,19.2,2.7,5,3,22.07
51,Female,74.6,0.71,422,Cardio,33.3,2.1,2,1,31.05
58,Male,52,1.12,937,HIIT,29.6,3,3,1,16.23
52,Female,52.1,1.5,837,Yoga,32,1.5,2,1,18.68
18,Female,72.2,0.97,606,Strength,27.1,1.7,2,1,30.44
38,Male,85.8,1.72,1410,Cardio,10.1,3.5,4,3,26.48
23,Male,81.4,1.6,1320,Cardio,12.4,3.5,4,3,23.78
45,Female,50.9,1.45,887,Strength,30.1,2.3,2,1,18.7
34,Male,52,1.38,987,Strength,22.4,2.7,4,2,16.41
22,Male,71,1.42,1086,Yoga,21.2,2.9,4,2,19.06
48,Male,80.6,1.51,1248,Cardio,12.9,3.5,4,3,25.73
22,Female,58.3,1,640,Yoga,32.6,1.6,3,2,19.71
55,Female,63,1.32,719,Strength,34.9,2.5,3,1,21.8
20,Male,111,1.02,875,Cardio,27.6,3.3,4,2,29.49
40,Female,52.6,1.27,762,Strength,32.9,1.7,3,2,19.09
54,Male,116.4,1.13,688,Yoga,26.2,3.1,3,1,29.1
54,Female,75.6,1.41,983,Yoga,34.9,2.5,4,2,29.17
27,Male,61.6,1.48,1172,Yoga,26.4,3.1,2,1,19.01
27,Male,108,1.38,926,Cardio,28.6,2.5,4,2,33.33
36,Female,59.3,0.99,634,Strength,34.5,2.3,3,1,19.36
34,Male,75.7,1.18,915,Strength,29.3,2.4,4,2,20.11
38,Female,56.3,1.21,859,Yoga,28.8,1.9,4,2,21.99
31,Female,58.2,1.17,766,Yoga,25.8,1.8,3,2,19.45
26,Male,55.7,1.13,802,Yoga,21.7,2.9,3,1,19.73
18,Male,125.9,1.46,1229,Yoga,20.6,2.2,3,2,45.14
30,Female,62.7,1.02,826,HIIT,26.1,2.6,4,2,22.48
21,Male,86.6,1.37,972,HIIT,21.8,2.6,3,2,25.03
18,Male,64.5,1.2,983,HIIT,23.4,2.4,3,2,19.47
57,Male,76.6,1.14,796,Yoga,25.4,2.8,4,2,22.14
49,Male,81.4,1.98,1225,Yoga,13.6,3.5,5,3,24.31
51,Male,60.7,1.14,954,Strength,22.1,2.5,2,1,20.76
45,Female,57.2,1.67,909,Cardio,18.4,2.7,5,3,23.81
48,Female,73,1.19,798,Strength,32,2.1,3,2,28.88
25,Male,123.8,1.13,752,HIIT,25.6,2.6,3,1,31.26
56,Male,93.6,1.37,1024,Strength,29,2.2,2,1,33.97
43,Male,76.8,1.24,988,Yoga,21.1,2.5,3,1,20.83
51,Female,54.7,1.11,674,HIIT,26.8,2,4,2,23.37
20,Male,92.3,1.14,821,HIIT,24.3,2.1,3,2,24.52
29,Female,71.8,1.2,720,Cardio,26.3,2.4,4,2,29.89
18,Female,66.9,1.07,679,Cardio,30.7,2.2,3,2,27.14
22,Female,48.7,1.37,1144,HIIT,29,2.2,4,2,15.72
47,Male,66.2,1.42,1188,HIIT,22.8,2.9,3,1,22.64
47,Female,40,0.8,475,Strength,26.7,2.2,3,1,12.91
34,Male,112.4,1.18,870,HIIT,23.4,3.6,4,2,32.84
40,Female,70,0.85,693,Yoga,31.1,1.5,3,1,29.14
32,Male,84,1.45,1013,Strength,25.8,2.1,3,1,27.74
54,Female,43.8,1.29,749,Yoga,26.6,1.7,4,2,16.09
38,Male,123.3,1.34,1216,Yoga,21.2,2.3,4,2,46.98
31,Female,57.9,1.8,1116,Yoga,15.1,2.7,5,3,23.79
19,Male,82.4,1.9,1766,HIIT,10.1,3.5,5,3,21.45
28,Male,84.8,1.35,1025,Cardio,28.8,2.3,4,2,26.47
56,Male,109.6,1.29,1060,Cardio,20.5,3.1,3,2,39.77
55,Male,86.4,1,777,Yoga,27.3,2.8,3,2,27.58
51,Female,63.9,1.07,626,HIIT,33.7,2.7,4,2,19.72
55,Female,70.8,0.54,394,Strength,26,1.8,3,1,26.98
51,Male,115.3,1.38,950,Yoga,24.4,2.5,3,2,41.34
35,Female,55.3,1.71,1188,Strength,19.8,2.7,5,3,22.72
47,Male,73.9,1.36,942,Strength,28.3,3.7,3,1,22.81
32,Male,97.3,1.36,1025,HIIT,24.9,3.4,3,2,25.33
44,Female,60.4,1.27,966,HIIT,32.6,2.1,4,2,22.19
51,Male,49.3,1.36,868,Cardio,28.3,2.9,2,1,19.02
55,Male,91.8,1.44,1091,Cardio,23.5,3.4,3,1,28.97
50,Female,73.6,0.89,581,HIIT,33.9,2.1,3,1,30.63
41,Male,47.1,1.26,929,Yoga,24.7,2.4,3,1,14.87
32,Male,65.2,0.58,408,Cardio,25.3,3.4,2,1,24.84
47,Male,87.2,2,1634,Strength,15,3.5,4,3,32.42
59,Male,96.7,0.57,423,Yoga,28.4,2.9,3,1,33.07
34,Female,46.9,1.02,821,Strength,28.6,1.7,3,2,18.09
22,Female,72.1,1.38,849,HIIT,25.1,2.1,3,1,27.47
46,Female,62.5,1.61,906,Strength,18.1,2.7,4,3,26.35
21,Male,110.7,1.06,775,Yoga,27,2.7,3,1,38.76
27,Male,102.6,1.41,954,HIIT,26.5,3.5,3,2,30.64
34,Female,64.3,1.76,1276,Yoga,19.8,2.7,5,3,24.5
27,Male,80.7,1.75,1598,Strength,14.3,3.5,4,3,31.13
34,Male,115.3,1.36,1249,Yoga,24.5,2.2,2,1,35.19
37,Male,87.8,1.81,1573,HIIT,10.3,3.5,5,3,30.74
41,Male,74.3,1.06,714,Strength,24.8,3.5,4,2,28.66
22,Female,78.5,1.36,938,Strength,31.9,2.1,4,2,27.16
51,Female,77.3,0.97,733,Cardio,31.1,2,2,1,30.96
23,Female,64.5,0.51,319,Cardio,30.4,1.7,2,1,22.32
19,Male,72,1.17,952,Yoga,24.7,3.2,3,2,19.13
30,Female,77.9,1.41,916,Cardio,27.9,2.6,4,2,24.87
28,Female,69.6,1.49,1006,Cardio,27.8,2,3,2,27.88
40,Male,68.9,1.16,951,Cardio,25,2.4,4,2,17.4
33,Male,45.9,1.45,1148,Cardio,21.6,2.9,3,2,12.85
48,Female,68.2,0.75,537,HIIT,28.4,2.5,3,1,23.88
28,Female,79.6,1.49,968,HIIT,28.2,1.5,3,2,31.49
33,Female,53.6,1.02,643,Cardio,30.9,2.3,2,1,23.2
25,Female,57.7,1.36,986,Yoga,25.7,2.2,3,2,23.11
21,Male,74.2,1.32,1024,HIIT,28.3,2.5,3,2,19.92
57,Female,64.4,1.52,985,Cardio,17.8,2.7,5,3,26.46
21,Female,54.9,0.55,380,HIIT,31.7,2,2,1,17.33
42,Male,50.3,0.63,468,Strength,27,2.4,3,1,18.7
20,Female,46.5,0.91,660,HIIT,27.9,2.4,2,1,16.48
49,Male,57.8,0.93,741,HIIT,24.7,3.1,3,1,14.6
20,Male,83,0.79,695,Yoga,29.6,2.9,2,1,25.62
44,Male,82.5,1.51,1159,HIIT,13.8,3.5,5,3,25.75
46,Female,66.5,1.11,709,Yoga,34.7,2,3,1,22.22
49,Female,70.2,0.93,695,Strength,32.5,1.8,3,1,25.17
36,Male,121.9,1.49,1082,Cardio,21.8,3.4,3,2,32.73
38,Female,70.3,1.19,857,Yoga,25.6,2,4,2,30.43
22,Female,40.3,1.45,877,HIIT,30.8,2.1,4,2,16.56
35,Male,101.4,0.84,559,HIIT,23.6,2.9,2,1,32.74
45,Male,79.2,1.47,982,Yoga,22.8,2.8,3,2,20.83
59,Female,75.8,1.46,841,Strength,33.1,1.8,3,1,24.19
39,Male,71.7,0.55,445,Cardio,23.7,2.2,2,1,20.29
38,Female,57.7,1.64,1082,HIIT,16.6,2.7,5,3,23.71
23,Female,47.4,0.76,585,Strength,33.5,1.6,3,1,18.52
18,Female,57.2,1.29,1032,Cardio,33.5,2.4,3,2,18.68
22,Female,44.8,1.48,977,Cardio,28.6,1.8,4,2,15.14
58,Male,90.2,0.9,668,HIIT,28.3,2.1,2,1,30.49
29,Male,84.9,1.79,1378,Yoga,14.3,3.5,4,3,28.7
43,Male,95.7,1.08,807,HIIT,24.2,3.4,3,1,30.55
51,Male,59,1.22,924,HIIT,20.7,2.3,3,2,21.67
31,Female,60.5,1.72,1092,HIIT,15,2.7,4,3,19.31
43,Female,53.8,1.03,742,Strength,30.2,2.3,4,2,18.19
44,Male,86.6,1.66,1372,Yoga,11.7,3.5,5,3,22.31
26,Female,72.8,1.37,829,Strength,35,1.9,2,1,26.1
43,Female,66.3,1.48,1046,HIIT,32.7,1.7,4,2,21.16
39,Female,56,0.89,672,Yoga,32.6,2,2,1,21.87
47,Male,45.9,1.29,1015,Cardio,29.6,2,3,2,12.32
34,Male,88,1.9,1536,Yoga,14.4,3.5,4,3,32.72
43,Male,94,1.31,1012,HIIT,23.2,3.4,2,1,29.34
53,Female,44.7,1.34,965,Yoga,26.7,2.1,3,2,13.95
18,Male,63.2,0.66,436,Cardio,27.5,2.2,3,1,23.79
25,Male,95.6,1.47,1294,Cardio,23.8,2.4,4,2,26.48
52,Male,47.8,1.01,645,Yoga,24.7,2.8,3,2,13.82
32,Male,85.3,1.77,1197,Cardio,13.2,3.5,4,3,31.71
39,Male,59.7,1.35,1143,Strength,29.1,2.3,4,2,17.83
31,Male,70.2,0.71,504,Yoga,24.2,2.5,2,1,17.91
43,Female,72.7,0.79,590,Cardio,32.8,2.1,3,1,22.44
45,Female,50.4,0.74,433,Cardio,27.7,2.5,2,1,15.73
40,Male,81.7,0.91,666,Yoga,27,2.7,2,1,26.99
31,Male,49.3,0.56,484,Strength,20,3.2,2,1,18.79
41,Female,61.9,1.93,1138,Yoga,19.4,2.7,4,3,23.01
19,Female,49.1,1.42,1164,Cardio,25.3,2.6,4,2,17.4
43,Male,66.5,1.11,747,Yoga,27.1,2.4,3,2,19.86
31,Male,75.5,0.6,446,Cardio,20.5,3.4,2,1,20.27
24,Male,88.2,1.76,1491,HIIT,11.3,3.5,4,3,27.53
20,Male,74.8,1.33,885,Yoga,25,3.3,3,2,24.42
40,Female,72.2,0.87,566,Yoga,29.2,1.9,3,1,28.2
35,Male,62.8,1.41,1241,Cardio,21.9,3.7,4,2,23.64
55,Male,84.7,1.19,719,Cardio,23.3,2.4,3,2,26.43
52,Male,116.5,0.53,388,Cardio,27.3,2.4,2,1,40.79
32,Male,77.4,1.39,1047,Cardio,26.7,3.3,3,2,21
42,Female,72.9,1.17,732,Yoga,25.7,2,4,2,27.78
54,Female,58.4,1.08,807,Cardio,32.5,1.9,2,1,23.1
45,Female,64.3,1.67,999,Yoga,15.3,2.7,4,3,27.11
27,Male,89.3,1.62,1363,Strength,12.7,3.5,5,3,25.54
56,Male,90.2,1.38,1148,Yoga,22.6,2.3,3,2,34.8
34,Female,59,1.13,847,Cardio,30.9,2.4,4,2,22.48
56,Male,58.7,1.09,858,Cardio,22.6,3.3,3,2,16.97
39,Male,127.5,1.26,1116,Strength,29.8,3,3,2,38.49
43,Female,68.6,1.42,875,Yoga,28.1,2.6,4,2,29.69
42,Female,56.7,1.07,717,Strength,27.4,1.9,3,1,24.22
34,Female,64.5,1.33,958,Yoga,27.8,1.8,4,2,20.36
30,Female,61.6,1.78,1228,Cardio,19.5,2.7,4,3,26.66
37,Male,75.1,1.23,859,Yoga,26.4,3.2,4,2,22.67
42,Male,79.3,1.22,888,Cardio,27.3,3.3,2,1,21.29
21,Female,72.6,1.19,756,Cardio,34.2,1.8,3,2,25.72
27,Male,76.7,0.96,792,HIIT,29.1,2.1,3,1,26.54
20,Female,44.2,1.08,659,HIIT,32.4,2.5,2,1,17.05
58,Female,56.5,0.74,406,Yoga,27,2.7,2,1,19.55
35,Male,100.9,1.1,986,Cardio,28.4,3.1,2,1,37.98
53,Female,55.8,1.12,711,Strength,27,1.8,4,2,23.23
39,Male,58.3,1.35,1010,Cardio,27.4,3.7,4,2,15.65
51,Male,48.6,1.47,1128,Strength,26.9,3.5,2,1,15.51
25,Male,81.7,1.94,1451,Yoga,13.8,3.5,4,3,21.49
57,Male,85.6,1.76,1159,Yoga,12.7,3.5,5,3,29.97
36,Female,60,1.63,1043,Strength,18.2,2.7,5,3,20.28
59,Male,126.4,1.24,915,Strength,29.5,2.9,3,1,44.26
58,Female,75.4,1.05,662,Cardio,26,2.5,4,2,23.8
54,Female,64.2,1.69,996,Yoga,16.5,2.7,4,3,22.48
23,Female,65.2,1.37,1069,Cardio,31.1,2.5,3,2,24.84
43,Female,70.1,0.99,673,Strength,34.6,2.6,2,1,25.44
51,Male,102.6,1.21,779,HIIT,21,3.4,2,1,32.75
23,Male,107.2,1.15,879,HIIT,20.2,3.1,4,2,28.78
54,Female,56.5,1.76,1220,HIIT,15.3,2.7,5,3,18.45
50,Female,61.6,1.22,911,Strength,25.5,2.2,4,2,20.11
39,Male,81.7,1.32,1198,Cardio,29.1,2.8,4,2,26.68
38,Female,76.6,0.74,481,Yoga,32.2,2.3,2,1,30.68
23,Male,116.8,1,698,Strength,26.8,3.4,4,2,36.45
23,Female,60.1,1.8,1107,HIIT,17.6,2.7,4,3,23.77
21,Male,93.7,1,803,Cardio,27.8,3.6,2,1,31.31
47,Female,41.6,1.03,756,Yoga,26.6,2.1,4,2,16.66
28,Female,55.1,1.99,1582,Yoga,17,2.7,5,3,17.2
47,Male,127.1,0.71,552,Strength,24.9,3,2,1,41.03
48,Female,69.1,1.34,1001,Strength,26.1,2,4,2,26.99
41,Female,66.8,1.34,898,Yoga,29.2,2.3,3,1,22.06
26,Male,125.5,1.15,1031,Yoga,23.2,3.1,4,2,40.52
20,Female,71.3,1.07,893,HIIT,25.4,1.5,3,2,28.56
48,Male,129.2,1.06,876,Yoga,21.4,2.9,4,2,49.84
57,Male,96.3,1.1,795,Strength,27.6,2.2,3,2,27.84
54,Female,67.5,0.72,454,Cardio,25.2,1.5,3,1,28.46
53,Female,64.4,1.77,1107,HIIT,19.7,2.7,4,3,26.81
41,Female,64.9,1.04,576,HIIT,25.9,2.4,4,2,26.33
48,Female,52.3,0.74,433,Yoga,33,1.8,3,1,18.98
23,Female,56.7,1.38,911,Cardio,34,1.9,4,2,23.6
19,Female,46.8,1.35,864,HIIT,34.4,1.6,4,2,17.61
37,Female,70.3,1.01,621,Strength,33.7,1.7,2,1,22.44
45,Male,80.8,1.7,1102,Yoga,11.4,3.5,4,3,26.08
28,Female,56,1.94,1242,Strength,16.7,2.7,5,3,24.89
21,Male,101.2,1.3,944,Yoga,24.3,3.3,2,1,29.89
32,Female,56.6,1.65,1378,HIIT,15.7,2.7,4,3,22.96
23,Female,40.9,0.82,594,Yoga,25.2,2.1,3,1,13.36
47,Male,127.8,0.77,598,Cardio,28.7,3.5,2,1,46.94
55,Female,49.3,1.28,927,Strength,30.5,2,2,1,15.92
19,Female,64.3,1.87,1234,Cardio,18,2.7,5,3,24.2
32,Male,49.3,1.18,1025,Strength,29.3,2.5,3,2,18.79
28,Female,63,0.68,500,Strength,31.7,1.9,2,1,24.01
25,Female,41.1,1.03,711,Yoga,31.9,2.4,3,2,14.74
43,Female,40.5,1.5,965,HIIT,32.9,2.2,3,2,13.38
22,Male,71,0.91,691,HIIT,21.2,3.5,2,1,27.05
23,Female,60.9,1.59,1336,Cardio,16.8,2.7,5,3,23.21
43,Female,64.7,1.88,1117,Yoga,19.8,2.7,4,3,23.48
21,Female,51,1.07,706,HIIT,34.2,2.2,3,2,17.44
36,Female,57.7,1.65,1213,Strength,19.4,2.7,4,3,18.42
37,Male,76.9,1.49,992,Strength,24.5,2.8,4,2,23.22
50,Male,80.5,1.85,1181,Yoga,14.3,3.5,4,3,25.7
37,Female,73.3,1.03,726,Cardio,25.5,2.4,3,2,24.21
29,Female,49,1.33,878,Yoga,26.5,2.6,3,2,19.88
18,Male,114.5,1.03,725,Cardio,24.1,2.6,3,1,29.5
43,Male,81,1.58,1189,Yoga,12.4,3.5,5,3,25.56
31,Female,53.5,1.22,811,Strength,27.6,1.8,4,2,17.27
55,Male,52.1,0.77,637,Yoga,23.6,3,3,1,18.46
54,Female,70.1,0.76,475,HIIT,26.6,2.1,2,1,30.34
28,Male,86.9,1.29,951,HIIT,24.9,3.7,4,2,27.43
53,Male,73.4,1.09,815,Yoga,27.9,2.8,3,2,23.7
30,Male,90,1.32,1104,Cardio,26.6,2.1,4,2,32.66
20,Male,85.7,1.72,1287,Cardio,10.5,3.5,5,3,23.25
50,Female,70.4,0.73,470,Strength,29.9,2.7,2,1,29.3
23,Male,57.7,1.15,942,Strength,27,3.4,3,2,19.73
27,Male,75.7,0.68,494,Cardio,25.3,2.3,3,1,24.44
22,Female,61.8,1.83,1519,Yoga,17,2.7,5,3,26.75
40,Male,80.3,1.63,1497,Strength,13.1,3.5,5,3,25.92
27,Male,104.3,1.28,950,Cardio,29.7,3.5,3,2,36.95
19,Female,65.7,1.46,883,Cardio,25.9,1.9,3,2,26.32
30,Male,120.3,0.66,494,Yoga,23.9,2.6,2,1,31.32
57,Female,51.9,1.05,713,HIIT,29.1,2.6,3,2,21.06
19,Female,59.1,1.65,1336,Cardio,17.9,2.7,5,3,23.98
37,Female,66.9,1.38,876,Strength,26.5,2.1,4,2,21.84
18,Female,66.9,0.94,573,Yoga,26.8,1.7,2,1,21.84
54,Male,78.7,1.42,921,Yoga,22.9,2.6,3,2,28.56
26,Female,62.4,1.88,1307,Yoga,19.8,2.7,4,3,24.07
34,Male,102.1,0.96,713,HIIT,27.3,3.2,2,1,34.92
26,Male,51.9,0.75,549,HIIT,26.6,2.3,2,1,12.97
28,Male,58.3,1.32,980,Strength,28.2,3,4,2,14.57
32,Male,89.8,1.93,1783,Strength,10.6,3.5,4,3,24.36
41,Male,101.1,0.79,634,Yoga,28.6,3.2,2,1,30.19
55,Male,118.6,0.77,640,Strength,25.9,2.6,3,1,40.09
52,Male,84.8,1.19,895,Cardio,23.4,3.2,2,1,24.78
47,Male,80,0.72,531,HIIT,28.2,3.5,3,1,25.54
48,Male,73.1,1.05,681,Yoga,28,2.8,4,2,21.83
22,Male,117.3,1.24,914,Yoga,28.5,2.7,3,2,41.56
31,Female,77.4,1.26,863,Cardio,26.2,1.8,4,2,26.47
28,Female,72.9,1.13,831,Cardio,34.7,2.2,3,2,26.14
26,Female,71.2,1.15,816,Cardio,34.6,2.6,2,1,31.64
51,Male,88.2,1.56,1027,Cardio,11.8,3.5,4,3,33.61
29,Female,75.6,1.31,976,Yoga,25.7,1.9,4,2,23.33
52,Female,57.9,1.66,1135,HIIT,15.8,2.7,4,3,23.79
52,Female,70.6,1.02,753,HIIT,34.9,2,3,2,28.28
18,Male,118.6,0.94,693,Cardio,25.6,2.7,3,1,44.1
57,Male,55.7,1.13,705,Strength,23.6,3,3,2,14.07
39,Male,102.3,0.89,656,Yoga,22.9,2.4,3,1,27.18
46,Male,72.6,1.31,1044,HIIT,22.6,3.4,4,2,20.76
25,Female,63.8,0.95,784,Cardio,31.6,1.9,2,1,22.6
28,Female,67.3,0.61,479,Strength,29.2,2.3,3,1,24.13
58,Female,59.3,1.97,1463,Strength,19.8,2.7,4,3,23.75
54,Female,70.7,1.14,836,Cardio,31.8,2.1,3,1,28.68
31,Male,86.9,1.72,1230,Yoga,14,3.5,4,3,30.43
47,Male,98.2,0.76,557,HIIT,22.9,3,3,1,27.2
52,Male,63.6,1.3,965,Strength,20.8,2.3,4,2,24.23
38,Female,45.2,1.01,727,HIIT,29.9,2.4,3,2,16.01
54,Male,117.2,1.04,736,HIIT,23.1,2.3,4,2,44.66
22,Male,107.4,1.34,1017,Strength,22,2.2,2,1,35.47
36,Female,59.1,0.85,514,Cardio,34.5,2.2,2,1,18.65
31,Female,53.3,0.57,402,Strength,29.4,2.4,3,1,19.82
43,Male,46.2,1.18,812,Strength,21.7,2.1,2,1,17.39
21,Male,67,1.32,1104,Yoga,22,2.1,3,2,25.85
42,Male,86.3,1.77,1113,HIIT,11.4,3.5,4,3,27.55
59,Male,85.5,1.99,1418,Cardio,15,3.5,5,3,30.66
42,Male,70.2,1.38,1127,HIIT,22.7,3.4,3,2,20.07
35,Male,127.1,1.02,718,Strength,23.3,3.4,4,2,48.43
57,Female,75.6,1.05,723,Cardio,31.6,1.8,3,2,27.11
25,Female,62.6,1.2,852,Cardio,27.9,2.2,3,1,22.99
56,Female,55.7,1.91,1066,Cardio,16.1,2.7,5,3,23.79
57,Male,96.1,1.21,862,Cardio,21.6,2.8,3,2,31.74
31,Female,76.7,1.39,883,Yoga,28.1,2.3,4,2,29.23
49,Male,57.2,1.14,762,Cardio,21.1,3.5,2,1,16.01
55,Male,69.9,1.2,992,Strength,20.2,2.1,4,2,21.34
50,Female,67.9,1.03,760,Yoga,33,2.4,3,2,21.67
40,Male,87.9,1.96,1445,Strength,10.7,3.5,5,3,25.14
32,Male,102.8,1.24,818,Strength,27.8,2.8,3,2,26.22
50,Female,51.8,1.32,838,HIIT,33,2.2,3,1,23.02
42,Female,57.7,1.83,1005,Cardio,17.7,2.7,4,3,23.41
34,Female,66.5,0.81,636,Cardio,28.1,2.3,3,1,23.28
50,Male,95.4,1.16,764,Strength,21.5,3.6,4,2,36.8
19,Female,69.2,1.17,907,Cardio,32.4,1.6,3,1,27.03
31,Female,66.6,1.02,699,Yoga,31,1.5,4,2,23.88
57,Male,83.4,1.57,1290,HIIT,13.3,3.5,4,3,30.63
57,Female,43.8,1.39,1001,Cardio,25.1,1.7,2,1,14.3
56,Female,64.2,1.99,1227,Cardio,19.6,2.7,5,3,22.48
23,Female,44.1,0.58,354,Yoga,25.7,2.7,2,1,16.8
23,Male,87.3,1.87,1327,HIIT,11.8,3.5,5,3,23.93
20,Male,55,1.12,1035,Yoga,24,3.2,4,2,21.48
24,Male,87.1,1.57,1364,Strength,10,3.5,4,3,28.77
25,Male,66.6,1.38,1260,Strength,25,3,2,1,25.69
59,Female,60.4,1.72,929,Cardio,18.8,2.7,5,3,19.5
32,Male,126.4,1.1,883,HIIT,28.2,2.1,3,2,37.74
46,Male,88.7,0.75,542,Strength,28.8,3.5,2,1,33.38
